{"cameraMode":{"drawMode":0,"name":"Shaded","section":"Shading Mode"},"sceneLighting":true,"audioPlay":false,"sceneViewState":{"showFog":true,"showMaterialUpdate":true,"showSkybox":true,"showFlares":true,"showImageEffects":true,"showParticleSystems":true},"in2DMode":false,"pivot":{"x":-22.922325134277345,"y":13.190606117248536,"z":-6.180961608886719},"rotation":{"x":0.1398029625415802,"y":-0.10081284493207932,"z":0.014309670776128769,"w":0.9849313497543335},"size":6.433649063110352,"orthographic":false}