{"cameraMode":{"drawMode":0,"name":"Shaded","section":"Shading Mode"},"sceneLighting":false,"audioPlay":false,"sceneViewState":{"showFog":false,"showMaterialUpdate":false,"showSkybox":false,"showFlares":false,"showImageEffects":false,"showParticleSystems":false},"in2DMode":false,"pivot":{"x":-35.69083023071289,"y":9.037320137023926,"z":-0.00637054443359375},"rotation":{"x":-0.09616033732891083,"y":0.00538873765617609,"z":-0.0005235021817497909,"w":-0.9953575730323792},"size":13.750943183898926,"orthographic":false}