{"cameraMode":{"drawMode":0,"name":"Shaded","section":"Shading Mode"},"sceneLighting":true,"audioPlay":false,"sceneViewState":{"showFog":false,"showMaterialUpdate":false,"showSkybox":false,"showFlares":false,"showImageEffects":false,"showParticleSystems":false},"in2DMode":false,"pivot":{"x":-3.217533588409424,"y":19.702388763427736,"z":-1.8949737548828126},"rotation":{"x":0.10032176226377487,"y":-0.013431473635137082,"z":0.0013544262619689108,"w":0.9948635101318359},"size":38.46388244628906,"orthographic":false}