{"cameraMode":{"drawMode":0,"name":"Shaded","section":"Shading Mode"},"sceneLighting":false,"audioPlay":false,"sceneViewState":{"showFog":false,"showMaterialUpdate":false,"showSkybox":false,"showFlares":false,"showImageEffects":false,"showParticleSystems":false},"in2DMode":false,"pivot":{"x":-35.80205535888672,"y":14.409978866577149,"z":0.000024318695068359375},"rotation":{"x":-0.07345905900001526,"y":0.64231276512146,"z":-0.06205538660287857,"w":-0.7603956460952759},"size":4.918738842010498,"orthographic":false}