{"cameraMode":{"drawMode":0,"name":"Shaded","section":"Shading Mode"},"sceneLighting":false,"audioPlay":false,"sceneViewState":{"showFog":false,"showMaterialUpdate":false,"showSkybox":false,"showFlares":false,"showImageEffects":false,"showParticleSystems":false},"in2DMode":false,"pivot":{"x":-35.8918342590332,"y":15.158565521240235,"z":8.275028228759766},"rotation":{"x":-0.15117548406124116,"y":0.6887955069541931,"z":-0.15028154850006104,"w":-0.6929196119308472},"size":1.6149406433105469,"orthographic":false}