{"cameraMode":{"drawMode":0,"name":"Shaded","section":"Shading Mode"},"sceneLighting":false,"audioPlay":false,"sceneViewState":{"showFog":false,"showMaterialUpdate":false,"showSkybox":false,"showFlares":false,"showImageEffects":false,"showParticleSystems":false},"in2DMode":false,"pivot":{"x":-35.440650939941409,"y":17.422914505004884,"z":0.00001615285873413086},"rotation":{"x":0.026760168373584749,"y":0.9690406918525696,"z":-0.1215767115354538,"w":0.21325746178627015},"size":1.7909504175186158,"orthographic":false}