{"cameraMode":{"drawMode":0,"name":"Shaded","section":"Shading Mode"},"sceneLighting":false,"audioPlay":false,"sceneViewState":{"showFog":false,"showMaterialUpdate":false,"showSkybox":false,"showFlares":false,"showImageEffects":false,"showParticleSystems":false},"in2DMode":false,"pivot":{"x":-36.19905471801758,"y":15.152547836303711,"z":-7.180777549743652},"rotation":{"x":-0.15791383385658265,"y":-0.5341934561729431,"z":0.10235171765089035,"w":-0.8241588473320007},"size":2.288379669189453,"orthographic":false}