{"cameraMode":{"drawMode":0,"name":"Shaded","section":"Shading Mode"},"sceneLighting":true,"audioPlay":false,"sceneViewState":{"showFog":true,"showMaterialUpdate":true,"showSkybox":true,"showFlares":true,"showImageEffects":true,"showParticleSystems":true},"in2DMode":false,"pivot":{"x":0.7053484916687012,"y":18.027055740356447,"z":2.851266860961914},"rotation":{"x":0.1398029625415802,"y":-0.10081284493207932,"z":0.014309670776128769,"w":0.9849313497543335},"size":15.816450119018555,"orthographic":false}