{"cameraMode":{"drawMode":0,"name":"Shaded","section":"Shading Mode"},"sceneLighting":true,"audioPlay":false,"sceneViewState":{"showFog":true,"showMaterialUpdate":true,"showSkybox":true,"showFlares":true,"showImageEffects":true,"showParticleSystems":true},"in2DMode":false,"pivot":{"x":-1.7284668684005738,"y":-2.8687973022460939,"z":-3.8774890899658205},"rotation":{"x":0.3112299144268036,"y":0.008552862331271172,"z":-0.0028011458925902845,"w":0.9502924084663391},"size":29.771625518798829,"orthographic":false}