{"cameraMode":{"drawMode":0,"name":"Shaded","section":"Shading Mode"},"sceneLighting":true,"audioPlay":false,"sceneViewState":{"showFog":true,"showMaterialUpdate":true,"showSkybox":true,"showFlares":true,"showImageEffects":true,"showParticleSystems":true},"in2DMode":false,"pivot":{"x":-35.69083023071289,"y":10.037320137023926,"z":-0.00637054443359375},"rotation":{"x":0.1398029625415802,"y":-0.10081284493207932,"z":0.014309670776128769,"w":0.9849313497543335},"size":13.750943183898926,"orthographic":false}