{"cameraMode":{"drawMode":0,"name":"Shaded","section":"Shading Mode"},"sceneLighting":true,"audioPlay":false,"sceneViewState":{"showFog":false,"showMaterialUpdate":false,"showSkybox":false,"showFlares":false,"showImageEffects":false,"showParticleSystems":false},"in2DMode":false,"pivot":{"x":-0.020067205652594568,"y":5.469411373138428,"z":0.0022069811820983888},"rotation":{"x":-0.09616033732891083,"y":0.00538873765617609,"z":-0.0005235021817497909,"w":-0.9953575730323792},"size":20.55758285522461,"orthographic":false}