{"cameraMode":{"drawMode":0,"name":"Shaded","section":"Shading Mode"},"sceneLighting":true,"audioPlay":false,"sceneViewState":{"showFog":false,"showMaterialUpdate":false,"showSkybox":false,"showFlares":false,"showImageEffects":false,"showParticleSystems":false},"in2DMode":false,"pivot":{"x":-9.904823303222657,"y":6.823429584503174,"z":-0.021339893341064454},"rotation":{"x":0.2367018461227417,"y":-0.681098461151123,"z":0.2493927925825119,"w":0.6464399099349976},"size":16.13422393798828,"orthographic":false}