{"cameraMode":{"drawMode":0,"name":"Shaded","section":"Shading Mode"},"sceneLighting":true,"audioPlay":false,"sceneViewState":{"showFog":true,"showMaterialUpdate":true,"showSkybox":false,"showFlares":true,"showImageEffects":true,"showParticleSystems":true},"in2DMode":false,"pivot":{"x":-15.404373168945313,"y":18.006446838378908,"z":-3.9140164852142336},"rotation":{"x":0.18850821256637574,"y":0.539084255695343,"z":-0.12526218593120576,"w":0.8112730383872986},"size":27.21392059326172,"orthographic":false}