{"cameraMode":{"drawMode":0,"name":"Shaded","section":"Shading Mode"},"sceneLighting":false,"audioPlay":false,"sceneViewState":{"showFog":false,"showMaterialUpdate":false,"showSkybox":false,"showFlares":false,"showImageEffects":false,"showParticleSystems":false},"in2DMode":false,"pivot":{"x":0.10916852951049805,"y":9.037320137023926,"z":-0.00637054443359375},"rotation":{"x":-0.19406141340732575,"y":0.5622929334640503,"z":-0.13779067993164063,"w":-0.7919512391090393},"size":13.750943183898926,"orthographic":false}