{"cameraMode":{"drawMode":0,"name":"Shaded","section":"Shading Mode"},"sceneLighting":true,"audioPlay":false,"sceneViewState":{"showFog":true,"showMaterialUpdate":true,"showSkybox":true,"showFlares":true,"showImageEffects":true,"showParticleSystems":true},"in2DMode":false,"pivot":{"x":-25.220090866088868,"y":74.1480712890625,"z":3.6528167724609377},"rotation":{"x":-0.19526301324367524,"y":-0.05234764516353607,"z":0.010436953976750374,"w":-0.9793000817298889},"size":42.61393356323242,"orthographic":false}