{"cameraMode":{"drawMode":0,"name":"Shaded","section":"Shading Mode"},"sceneLighting":false,"audioPlay":false,"sceneViewState":{"showFog":true,"showMaterialUpdate":true,"showSkybox":false,"showFlares":true,"showImageEffects":true,"showParticleSystems":true},"in2DMode":false,"pivot":{"x":-35.69083023071289,"y":9.037320137023926,"z":-0.00637054443359375},"rotation":{"x":0.3112299144268036,"y":0.008552862331271172,"z":-0.0028011458925902845,"w":0.9502924084663391},"size":13.750943183898926,"orthographic":false}