{"cameraMode":{"drawMode":0,"name":"Shaded","section":"Shading Mode"},"sceneLighting":false,"audioPlay":false,"sceneViewState":{"showFog":false,"showMaterialUpdate":false,"showSkybox":false,"showFlares":false,"showImageEffects":false,"showParticleSystems":false},"in2DMode":false,"pivot":{"x":-2.1635639667510988,"y":9.634588241577149,"z":7.822213649749756},"rotation":{"x":-0.24862709641456605,"y":-0.23903486132621766,"z":0.06346053630113602,"w":-0.9364964962005615},"size":3.9813108444213869,"orthographic":false}