{"cameraMode":{"drawMode":0,"name":"Shaded","section":"Shading Mode"},"sceneLighting":true,"audioPlay":false,"sceneViewState":{"showFog":true,"showMaterialUpdate":true,"showSkybox":true,"showFlares":true,"showImageEffects":true,"showParticleSystems":true},"in2DMode":false,"pivot":{"x":-2.614980697631836,"y":18.496822357177736,"z":-14.64322280883789},"rotation":{"x":0.0763801783323288,"y":0.03439225256443024,"z":-0.0026361816562712194,"w":0.9964821338653565},"size":6.866026878356934,"orthographic":false}