{"cameraMode":{"drawMode":0,"name":"Shaded","section":"Shading Mode"},"sceneLighting":false,"audioPlay":false,"sceneViewState":{"showFog":true,"showMaterialUpdate":true,"showSkybox":false,"showFlares":true,"showImageEffects":true,"showParticleSystems":true},"in2DMode":false,"pivot":{"x":38.8449821472168,"y":9.340167999267579,"z":10.930776596069336},"rotation":{"x":0.07920197397470474,"y":-0.07320193201303482,"z":0.005832011345773935,"w":0.9941513538360596},"size":26.623220443725587,"orthographic":false}