{"cameraMode":{"drawMode":0,"name":"Shaded","section":"Shading Mode"},"sceneLighting":true,"audioPlay":false,"sceneViewState":{"showFog":false,"showMaterialUpdate":false,"showSkybox":false,"showFlares":false,"showImageEffects":false,"showParticleSystems":false},"in2DMode":false,"pivot":{"x":13.370630264282227,"y":12.860404014587403,"z":-7.188478946685791},"rotation":{"x":0.11610786616802216,"y":0.6655414700508118,"z":-0.10590945929288864,"w":0.7296284437179565},"size":13.855792045593262,"orthographic":false}