{"cameraMode":{"drawMode":0,"name":"Shaded","section":"Shading Mode"},"sceneLighting":true,"audioPlay":false,"sceneViewState":{"showFog":false,"showMaterialUpdate":false,"showSkybox":false,"showFlares":false,"showImageEffects":false,"showParticleSystems":false},"in2DMode":false,"pivot":{"x":-10.177640914916993,"y":22.452919006347658,"z":3.539766311645508},"rotation":{"x":-0.3256455063819885,"y":-0.5889138579368591,"z":0.28013166785240176,"w":-0.6845934987068176},"size":11.129132270812989,"orthographic":false}