{"cameraMode":{"drawMode":0,"name":"Shaded","section":"Shading Mode"},"sceneLighting":false,"audioPlay":false,"sceneViewState":{"showFog":true,"showMaterialUpdate":true,"showSkybox":false,"showFlares":true,"showImageEffects":true,"showParticleSystems":true},"in2DMode":false,"pivot":{"x":-10.712004661560059,"y":8.82556438446045,"z":-1.9819684028625489},"rotation":{"x":0.18850821256637574,"y":0.539084255695343,"z":-0.12526218593120576,"w":0.8112730383872986},"size":11.931950569152832,"orthographic":false}