{"cameraMode":{"drawMode":0,"name":"Shaded","section":"Shading Mode"},"sceneLighting":false,"audioPlay":false,"sceneViewState":{"showFog":true,"showMaterialUpdate":true,"showSkybox":false,"showFlares":true,"showImageEffects":true,"showParticleSystems":true},"in2DMode":false,"pivot":{"x":8.727875709533692,"y":2.211507797241211,"z":0.4378218650817871},"rotation":{"x":-0.325822651386261,"y":-0.2799326479434967,"z":0.1016472801566124,"w":-0.8973020315170288},"size":8.383589744567871,"orthographic":false}