{"cameraMode":{"drawMode":0,"name":"Shaded","section":"Shading Mode"},"sceneLighting":true,"audioPlay":false,"sceneViewState":{"showFog":true,"showMaterialUpdate":true,"showSkybox":false,"showFlares":true,"showImageEffects":true,"showParticleSystems":true},"in2DMode":false,"pivot":{"x":-193.8533935546875,"y":569.500244140625,"z":65.71966552734375},"rotation":{"x":-0.325822651386261,"y":-0.2799326479434967,"z":0.1016472801566124,"w":-0.8973020315170288},"size":1118.45263671875,"orthographic":false}