{"cameraMode":{"drawMode":0,"name":"Shaded","section":"Shading Mode"},"sceneLighting":false,"audioPlay":false,"sceneViewState":{"showFog":false,"showMaterialUpdate":false,"showSkybox":false,"showFlares":false,"showImageEffects":false,"showParticleSystems":false},"in2DMode":false,"pivot":{"x":-34.11091232299805,"y":12.885015487670899,"z":-0.19518712162971497},"rotation":{"x":-0.15117548406124116,"y":0.6887955069541931,"z":-0.15028154850006104,"w":-0.6929196119308472},"size":3.8741719722747804,"orthographic":false}