{"cameraMode":{"drawMode":0,"name":"Shaded","section":"Shading Mode"},"sceneLighting":false,"audioPlay":false,"sceneViewState":{"showFog":false,"showMaterialUpdate":false,"showSkybox":false,"showFlares":false,"showImageEffects":false,"showParticleSystems":false},"in2DMode":false,"pivot":{"x":-5.53603458404541,"y":17.111644744873048,"z":1.7191987037658692},"rotation":{"x":0.008178846910595894,"y":0.9682615995407105,"z":-0.031964268535375598,"w":0.24775342643260957},"size":9.019768714904786,"orthographic":false}