{"cameraMode":{"drawMode":0,"name":"Shaded","section":"Shading Mode"},"sceneLighting":false,"audioPlay":false,"sceneViewState":{"showFog":false,"showMaterialUpdate":false,"showSkybox":false,"showFlares":false,"showImageEffects":false,"showParticleSystems":false},"in2DMode":false,"pivot":{"x":0.0,"y":9.037320137023926,"z":-0.00637054443359375},"rotation":{"x":-0.11974875628948212,"y":0.16833339631557465,"z":-0.020609555765986444,"w":-0.9782163500785828},"size":14.438908576965332,"orthographic":false}